,,,,VAR ETAT SYSTEME,,,VAR STATS,
HS,TYPE EVT TRAITE, ECHEANCIER, ETAT GUICHET(0=LIBRE/1=OCCUPE),NB CLIENT DANS LA QUEUE,QUEUE,NB CLIENTS RECUS, ATTENTE GLOBALE AVANT SERVICE
1.0,Deb,ArrCl 6.68,0,0,,0,0.0,
6.68,ArrCl,AccFA 6.68 : serveur0  |   ArrCl 12.36,0,0,,1,0.0,
6.68,AccFA,AccSrv 6.68 : serveur0,0,0,,1,0.0,
6.68,AccSrv,DepCl 11.84 : serveur0,1,0,,1,0.0,
11.84,DepCl,,0,0,,1,0.0,
12.36,ArrCl,AccFA 12.36 : serveur0  |   ArrCl 18.039999,0,0,,2,0.0,
12.36,AccFA,AccSrv 12.36 : serveur0,0,0,,2,0.0,
12.36,AccSrv,DepCl 17.52 : serveur0,1,0,,2,0.0,
17.52,DepCl,,0,0,,2,0.0,
18.039999,ArrCl,AccFA 18.039999 : serveur0  |   ArrCl 23.72,0,0,,3,0.0,
18.039999,AccFA,AccSrv 18.039999 : serveur0,0,0,,3,0.0,
18.039999,AccSrv,DepCl 23.199999 : serveur0,1,0,,3,0.0,
23.199999,DepCl,,0,0,,3,0.0,
23.72,ArrCl,AccFA 23.72 : serveur0  |   ArrCl 29.4,0,0,,4,0.0,
23.72,AccFA,AccSrv 23.72 : serveur0,0,0,,4,0.0,
23.72,AccSrv,DepCl 28.88 : serveur0,1,0,,4,0.0,
28.88,DepCl,,0,0,,4,0.0,
29.4,ArrCl,AccFA 29.4 : serveur0  |   ArrCl 35.079998,0,0,,5,0.0,
29.4,AccFA,AccSrv 29.4 : serveur0,0,0,,5,0.0,
29.4,AccSrv,DepCl 34.559998 : serveur0,1,0,,5,0.0,
34.559998,DepCl,,0,0,,5,0.0,
35.079998,ArrCl,AccFA 35.079998 : serveur0  |   ArrCl 40.76,0,0,,6,0.0,
35.079998,AccFA,AccSrv 35.079998 : serveur0,0,0,,6,0.0,
35.079998,AccSrv,DepCl 40.239998 : serveur0,1,0,,6,0.0,
40.239998,DepCl,,0,0,,6,0.0,
40.76,ArrCl,AccFA 40.76 : serveur0  |   ArrCl 46.44,0,0,,7,0.0,
40.76,AccFA,AccSrv 40.76 : serveur0,0,0,,7,0.0,
40.76,AccSrv,DepCl 45.92 : serveur0,1,0,,7,0.0,
45.92,DepCl,,0,0,,7,0.0,
46.44,ArrCl,AccFA 46.44 : serveur0  |   ArrCl 52.12,0,0,,8,0.0,
46.44,AccFA,AccSrv 46.44 : serveur0,0,0,,8,0.0,
46.44,AccSrv,DepCl 51.6 : serveur0,1,0,,8,0.0,
51.6,DepCl,,0,0,,8,0.0,
52.12,ArrCl,AccFA 52.12 : serveur0  |   ArrCl 57.8,0,0,,9,0.0,
52.12,AccFA,AccSrv 52.12 : serveur0,0,0,,9,0.0,
52.12,AccSrv,DepCl 57.28 : serveur0,1,0,,9,0.0,
57.28,DepCl,,0,0,,9,0.0,
57.8,ArrCl,AccFA 57.8 : serveur0  |   ArrCl 63.48,0,0,,10,0.0,
57.8,AccFA,AccSrv 57.8 : serveur0,0,0,,10,0.0,
57.8,AccSrv,DepCl 62.96 : serveur0,1,0,,10,0.0,
62.96,DepCl,,0,0,,10,0.0,
63.48,ArrCl,AccFA 63.48 : serveur0  |   ArrCl 69.159996,0,0,,11,0.0,
63.48,AccFA,AccSrv 63.48 : serveur0,0,0,,11,0.0,
63.48,AccSrv,DepCl 68.64 : serveur0,1,0,,11,0.0,
68.64,DepCl,,0,0,,11,0.0,
69.159996,ArrCl,AccFA 69.159996 : serveur0  |   ArrCl 74.84,0,0,,12,0.0,
69.159996,AccFA,AccSrv 69.159996 : serveur0,0,0,,12,0.0,
69.159996,AccSrv,DepCl 74.31999 : serveur0,1,0,,12,0.0,
74.31999,DepCl,,0,0,,12,0.0,
74.84,ArrCl,AccFA 74.84 : serveur0  |   ArrCl 80.52,0,0,,13,0.0,
74.84,AccFA,AccSrv 74.84 : serveur0,0,0,,13,0.0,
74.84,AccSrv,DepCl 80.0 : serveur0,1,0,,13,0.0,
80.0,DepCl,,0,0,,13,0.0,
80.52,ArrCl,AccFA 80.52 : serveur0  |   ArrCl 86.2,0,0,,14,0.0,
80.52,AccFA,AccSrv 80.52 : serveur0,0,0,,14,0.0,
80.52,AccSrv,DepCl 85.67999 : serveur0,1,0,,14,0.0,
85.67999,DepCl,,0,0,,14,0.0,
86.2,ArrCl,AccFA 86.2 : serveur0  |   ArrCl 91.88,0,0,,15,0.0,
86.2,AccFA,AccSrv 86.2 : serveur0,0,0,,15,0.0,
86.2,AccSrv,DepCl 91.36 : serveur0,1,0,,15,0.0,
91.36,DepCl,,0,0,,15,0.0,
91.88,ArrCl,AccFA 91.88 : serveur0  |   ArrCl 97.56,0,0,,16,0.0,
91.88,AccFA,AccSrv 91.88 : serveur0,0,0,,16,0.0,
91.88,AccSrv,DepCl 97.03999 : serveur0,1,0,,16,0.0,
97.03999,DepCl,,0,0,,16,0.0,
97.56,ArrCl,AccFA 97.56 : serveur0  |   ArrCl 103.24,0,0,,17,0.0,
97.56,AccFA,AccSrv 97.56 : serveur0,0,0,,17,0.0,
97.56,AccSrv,DepCl 102.72 : serveur0,1,0,,17,0.0,
102.72,DepCl,,0,0,,17,0.0,
103.24,ArrCl,AccFA 103.24 : serveur0  |   ArrCl 108.92,0,0,,18,0.0,
103.24,AccFA,AccSrv 103.24 : serveur0,0,0,,18,0.0,
103.24,AccSrv,DepCl 108.399994 : serveur0,1,0,,18,0.0,
108.399994,DepCl,,0,0,,18,0.0,
108.92,ArrCl,AccFA 108.92 : serveur0  |   ArrCl 114.6,0,0,,19,0.0,
108.92,AccFA,AccSrv 108.92 : serveur0,0,0,,19,0.0,
108.92,AccSrv,DepCl 114.08 : serveur0,1,0,,19,0.0,
114.08,DepCl,,0,0,,19,0.0,
114.6,ArrCl,AccFA 114.6 : serveur0  |   ArrCl 120.28,0,0,,20,0.0,
114.6,AccFA,AccSrv 114.6 : serveur0,0,0,,20,0.0,
114.6,AccSrv,DepCl 119.759995 : serveur0,1,0,,20,0.0,
119.759995,DepCl,,0,0,,20,0.0,
120.28,ArrCl,AccFA 120.28 : serveur0  |   ArrCl 125.96,0,0,,21,0.0,
120.28,AccFA,AccSrv 120.28 : serveur0,0,0,,21,0.0,
120.28,AccSrv,DepCl 125.44 : serveur0,1,0,,21,0.0,
125.44,DepCl,,0,0,,21,0.0,
125.96,ArrCl,AccFA 125.96 : serveur0  |   ArrCl 131.64,0,0,,22,0.0,
125.96,AccFA,AccSrv 125.96 : serveur0,0,0,,22,0.0,
125.96,AccSrv,DepCl 131.12 : serveur0,1,0,,22,0.0,
131.12,DepCl,,0,0,,22,0.0,
131.64,ArrCl,AccFA 131.64 : serveur0  |   ArrCl 137.31999,0,0,,23,0.0,
131.64,AccFA,AccSrv 131.64 : serveur0,0,0,,23,0.0,
131.64,AccSrv,DepCl 136.8 : serveur0,1,0,,23,0.0,
136.8,DepCl,,0,0,,23,0.0,
137.31999,ArrCl,AccFA 137.31999 : serveur0  |   ArrCl 142.99998,0,0,,24,0.0,
137.31999,AccFA,AccSrv 137.31999 : serveur0,0,0,,24,0.0,
137.31999,AccSrv,DepCl 142.48 : serveur0,1,0,,24,0.0,
142.48,DepCl,,0,0,,24,0.0,
142.99998,ArrCl,AccFA 142.99998 : serveur0  |   ArrCl 148.67998,0,0,,25,0.0,
142.99998,AccFA,AccSrv 142.99998 : serveur0,0,0,,25,0.0,
142.99998,AccSrv,DepCl 148.15999 : serveur0,1,0,,25,0.0,
148.15999,DepCl,,0,0,,25,0.0,
148.67998,ArrCl,AccFA 148.67998 : serveur0  |   ArrCl 154.35997,0,0,,26,0.0,
148.67998,AccFA,AccSrv 148.67998 : serveur0,0,0,,26,0.0,
148.67998,AccSrv,DepCl 153.83998 : serveur0,1,0,,26,0.0,
153.83998,DepCl,,0,0,,26,0.0,
154.35997,ArrCl,AccFA 154.35997 : serveur0  |   ArrCl 160.03996,0,0,,27,0.0,
154.35997,AccFA,AccSrv 154.35997 : serveur0,0,0,,27,0.0,
154.35997,AccSrv,DepCl 159.51997 : serveur0,1,0,,27,0.0,
159.51997,DepCl,,0,0,,27,0.0,
160.03996,ArrCl,AccFA 160.03996 : serveur0  |   ArrCl 165.71996,0,0,,28,0.0,
160.03996,AccFA,AccSrv 160.03996 : serveur0,0,0,,28,0.0,
160.03996,AccSrv,DepCl 165.19997 : serveur0,1,0,,28,0.0,
165.19997,DepCl,,0,0,,28,0.0,
165.71996,ArrCl,AccFA 165.71996 : serveur0  |   ArrCl 171.39995,0,0,,29,0.0,
165.71996,AccFA,AccSrv 165.71996 : serveur0,0,0,,29,0.0,
165.71996,AccSrv,DepCl 170.87996 : serveur0,1,0,,29,0.0,
170.87996,DepCl,,0,0,,29,0.0,
171.39995,ArrCl,AccFA 171.39995 : serveur0  |   ArrCl 177.07994,0,0,,30,0.0,
171.39995,AccFA,AccSrv 171.39995 : serveur0,0,0,,30,0.0,
171.39995,AccSrv,DepCl 176.55995 : serveur0,1,0,,30,0.0,
176.55995,DepCl,,0,0,,30,0.0,
177.07994,ArrCl,AccFA 177.07994 : serveur0  |   ArrCl 182.75993,0,0,,31,0.0,
177.07994,AccFA,AccSrv 177.07994 : serveur0,0,0,,31,0.0,
177.07994,AccSrv,DepCl 182.23994 : serveur0,1,0,,31,0.0,
182.23994,DepCl,,0,0,,31,0.0,
182.75993,ArrCl,AccFA 182.75993 : serveur0  |   ArrCl 188.43993,0,0,,32,0.0,
182.75993,AccFA,AccSrv 182.75993 : serveur0,0,0,,32,0.0,
182.75993,AccSrv,DepCl 187.91994 : serveur0,1,0,,32,0.0,
187.91994,DepCl,,0,0,,32,0.0,
188.43993,ArrCl,AccFA 188.43993 : serveur0  |   ArrCl 194.11992,0,0,,33,0.0,
188.43993,AccFA,AccSrv 188.43993 : serveur0,0,0,,33,0.0,
188.43993,AccSrv,DepCl 193.59993 : serveur0,1,0,,33,0.0,
193.59993,DepCl,,0,0,,33,0.0,
194.11992,ArrCl,AccFA 194.11992 : serveur0  |   ArrCl 199.79991,0,0,,34,0.0,
194.11992,AccFA,AccSrv 194.11992 : serveur0,0,0,,34,0.0,
194.11992,AccSrv,DepCl 199.27992 : serveur0,1,0,,34,0.0,
199.27992,DepCl,,0,0,,34,0.0,
199.79991,ArrCl,AccFA 199.79991 : serveur0  |   ArrCl 205.4799,0,0,,35,0.0,
199.79991,AccFA,AccSrv 199.79991 : serveur0,0,0,,35,0.0,
199.79991,AccSrv,DepCl 204.95992 : serveur0,1,0,,35,0.0,
204.95992,DepCl,,0,0,,35,0.0,
205.4799,ArrCl,AccFA 205.4799 : serveur0  |   ArrCl 211.1599,0,0,,36,0.0,
205.4799,AccFA,AccSrv 205.4799 : serveur0,0,0,,36,0.0,
205.4799,AccSrv,DepCl 210.63991 : serveur0,1,0,,36,0.0,
210.63991,DepCl,,0,0,,36,0.0,
211.1599,ArrCl,AccFA 211.1599 : serveur0  |   ArrCl 216.83989,0,0,,37,0.0,
211.1599,AccFA,AccSrv 211.1599 : serveur0,0,0,,37,0.0,
211.1599,AccSrv,DepCl 216.3199 : serveur0,1,0,,37,0.0,
216.3199,DepCl,,0,0,,37,0.0,
216.83989,ArrCl,AccFA 216.83989 : serveur0  |   ArrCl 222.51988,0,0,,38,0.0,
216.83989,AccFA,AccSrv 216.83989 : serveur0,0,0,,38,0.0,
216.83989,AccSrv,DepCl 221.9999 : serveur0,1,0,,38,0.0,
221.9999,DepCl,,0,0,,38,0.0,
222.51988,ArrCl,AccFA 222.51988 : serveur0  |   ArrCl 228.19987,0,0,,39,0.0,
222.51988,AccFA,AccSrv 222.51988 : serveur0,0,0,,39,0.0,
222.51988,AccSrv,DepCl 227.67989 : serveur0,1,0,,39,0.0,
227.67989,DepCl,,0,0,,39,0.0,
228.19987,ArrCl,AccFA 228.19987 : serveur0  |   ArrCl 233.87987,0,0,,40,0.0,
228.19987,AccFA,AccSrv 228.19987 : serveur0,0,0,,40,0.0,
228.19987,AccSrv,DepCl 233.35988 : serveur0,1,0,,40,0.0,
233.35988,DepCl,,0,0,,40,0.0,
233.87987,ArrCl,AccFA 233.87987 : serveur0  |   ArrCl 239.55986,0,0,,41,0.0,
233.87987,AccFA,AccSrv 233.87987 : serveur0,0,0,,41,0.0,
233.87987,AccSrv,DepCl 239.03987 : serveur0,1,0,,41,0.0,
239.03987,DepCl,,0,0,,41,0.0,
239.55986,ArrCl,AccFA 239.55986 : serveur0  |   ArrCl 245.23985,0,0,,42,0.0,
239.55986,AccFA,AccSrv 239.55986 : serveur0,0,0,,42,0.0,
239.55986,AccSrv,DepCl 244.71986 : serveur0,1,0,,42,0.0,
244.71986,DepCl,,0,0,,42,0.0,
245.23985,ArrCl,AccFA 245.23985 : serveur0  |   ArrCl 250.91985,0,0,,43,0.0,
245.23985,AccFA,AccSrv 245.23985 : serveur0,0,0,,43,0.0,
245.23985,AccSrv,DepCl 250.39986 : serveur0,1,0,,43,0.0,
250.39986,DepCl,,0,0,,43,0.0,
250.91985,ArrCl,AccFA 250.91985 : serveur0  |   ArrCl 256.59985,0,0,,44,0.0,
250.91985,AccFA,AccSrv 250.91985 : serveur0,0,0,,44,0.0,
250.91985,AccSrv,DepCl 256.07983 : serveur0,1,0,,44,0.0,
256.07983,DepCl,,0,0,,44,0.0,
256.59985,ArrCl,AccFA 256.59985 : serveur0  |   ArrCl 262.27985,0,0,,45,0.0,
256.59985,AccFA,AccSrv 256.59985 : serveur0,0,0,,45,0.0,
256.59985,AccSrv,DepCl 261.75986 : serveur0,1,0,,45,0.0,
261.75986,DepCl,,0,0,,45,0.0,
262.27985,ArrCl,AccFA 262.27985 : serveur0  |   ArrCl 267.95984,0,0,,46,0.0,
262.27985,AccFA,AccSrv 262.27985 : serveur0,0,0,,46,0.0,
262.27985,AccSrv,DepCl 267.43985 : serveur0,1,0,,46,0.0,
267.43985,DepCl,,0,0,,46,0.0,
267.95984,ArrCl,AccFA 267.95984 : serveur0  |   ArrCl 273.63983,0,0,,47,0.0,
267.95984,AccFA,AccSrv 267.95984 : serveur0,0,0,,47,0.0,
267.95984,AccSrv,DepCl 273.11984 : serveur0,1,0,,47,0.0,
273.11984,DepCl,,0,0,,47,0.0,
273.63983,ArrCl,AccFA 273.63983 : serveur0  |   ArrCl 279.31982,0,0,,48,0.0,
273.63983,AccFA,AccSrv 273.63983 : serveur0,0,0,,48,0.0,
273.63983,AccSrv,DepCl 278.79984 : serveur0,1,0,,48,0.0,
278.79984,DepCl,,0,0,,48,0.0,
279.31982,ArrCl,AccFA 279.31982 : serveur0  |   ArrCl 284.99982,0,0,,49,0.0,
279.31982,AccFA,AccSrv 279.31982 : serveur0,0,0,,49,0.0,
279.31982,AccSrv,DepCl 284.47983 : serveur0,1,0,,49,0.0,
284.47983,DepCl,,0,0,,49,0.0,
284.99982,ArrCl,AccFA 284.99982 : serveur0  |   ArrCl 290.6798,0,0,,50,0.0,
284.99982,AccFA,AccSrv 284.99982 : serveur0,0,0,,50,0.0,
284.99982,AccSrv,DepCl 290.15982 : serveur0,1,0,,50,0.0,
290.15982,DepCl,,0,0,,50,0.0,
290.6798,ArrCl,AccFA 290.6798 : serveur0  |   ArrCl 296.3598,0,0,,51,0.0,
290.6798,AccFA,AccSrv 290.6798 : serveur0,0,0,,51,0.0,
290.6798,AccSrv,DepCl 295.8398 : serveur0,1,0,,51,0.0,
295.8398,DepCl,,0,0,,51,0.0,
296.3598,ArrCl,AccFA 296.3598 : serveur0  |   ArrCl 302.0398,0,0,,52,0.0,
296.3598,AccFA,AccSrv 296.3598 : serveur0,0,0,,52,0.0,
296.3598,AccSrv,DepCl 301.5198 : serveur0,1,0,,52,0.0,
301.5198,DepCl,,0,0,,52,0.0,
302.0398,ArrCl,AccFA 302.0398 : serveur0  |   ArrCl 307.7198,0,0,,53,0.0,
302.0398,AccFA,AccSrv 302.0398 : serveur0,0,0,,53,0.0,
302.0398,AccSrv,DepCl 307.1998 : serveur0,1,0,,53,0.0,
307.1998,DepCl,,0,0,,53,0.0,
307.7198,ArrCl,AccFA 307.7198 : serveur0  |   ArrCl 313.39978,0,0,,54,0.0,
307.7198,AccFA,AccSrv 307.7198 : serveur0,0,0,,54,0.0,
307.7198,AccSrv,DepCl 312.8798 : serveur0,1,0,,54,0.0,
312.8798,DepCl,,0,0,,54,0.0,
313.39978,ArrCl,AccFA 313.39978 : serveur0  |   ArrCl 319.07977,0,0,,55,0.0,
313.39978,AccFA,AccSrv 313.39978 : serveur0,0,0,,55,0.0,
313.39978,AccSrv,DepCl 318.55978 : serveur0,1,0,,55,0.0,
318.55978,DepCl,,0,0,,55,0.0,
319.07977,ArrCl,AccFA 319.07977 : serveur0  |   ArrCl 324.75977,0,0,,56,0.0,
319.07977,AccFA,AccSrv 319.07977 : serveur0,0,0,,56,0.0,
319.07977,AccSrv,DepCl 324.23978 : serveur0,1,0,,56,0.0,
324.23978,DepCl,,0,0,,56,0.0,
324.75977,ArrCl,AccFA 324.75977 : serveur0  |   ArrCl 330.43976,0,0,,57,0.0,
324.75977,AccFA,AccSrv 324.75977 : serveur0,0,0,,57,0.0,
324.75977,AccSrv,DepCl 329.91977 : serveur0,1,0,,57,0.0,
329.91977,DepCl,,0,0,,57,0.0,
330.43976,ArrCl,AccFA 330.43976 : serveur0  |   ArrCl 336.11975,0,0,,58,0.0,
330.43976,AccFA,AccSrv 330.43976 : serveur0,0,0,,58,0.0,
330.43976,AccSrv,DepCl 335.59976 : serveur0,1,0,,58,0.0,
335.59976,DepCl,,0,0,,58,0.0,
336.11975,ArrCl,AccFA 336.11975 : serveur0  |   ArrCl 341.79974,0,0,,59,0.0,
336.11975,AccFA,AccSrv 336.11975 : serveur0,0,0,,59,0.0,
336.11975,AccSrv,DepCl 341.27975 : serveur0,1,0,,59,0.0,
341.27975,DepCl,,0,0,,59,0.0,
341.79974,ArrCl,AccFA 341.79974 : serveur0  |   ArrCl 347.47974,0,0,,60,0.0,
341.79974,AccFA,AccSrv 341.79974 : serveur0,0,0,,60,0.0,
341.79974,AccSrv,DepCl 346.95975 : serveur0,1,0,,60,0.0,
346.95975,DepCl,,0,0,,60,0.0,
347.47974,ArrCl,AccFA 347.47974 : serveur0  |   ArrCl 353.15973,0,0,,61,0.0,
347.47974,AccFA,AccSrv 347.47974 : serveur0,0,0,,61,0.0,
347.47974,AccSrv,DepCl 352.63974 : serveur0,1,0,,61,0.0,
352.63974,DepCl,,0,0,,61,0.0,
353.15973,ArrCl,AccFA 353.15973 : serveur0  |   ArrCl 358.83972,0,0,,62,0.0,
353.15973,AccFA,AccSrv 353.15973 : serveur0,0,0,,62,0.0,
353.15973,AccSrv,DepCl 358.31973 : serveur0,1,0,,62,0.0,
358.31973,DepCl,,0,0,,62,0.0,
358.83972,ArrCl,AccFA 358.83972 : serveur0  |   ArrCl 364.5197,0,0,,63,0.0,
358.83972,AccFA,AccSrv 358.83972 : serveur0,0,0,,63,0.0,
358.83972,AccSrv,DepCl 363.99973 : serveur0,1,0,,63,0.0,
363.99973,DepCl,,0,0,,63,0.0,
364.5197,ArrCl,AccFA 364.5197 : serveur0  |   ArrCl 370.1997,0,0,,64,0.0,
364.5197,AccFA,AccSrv 364.5197 : serveur0,0,0,,64,0.0,
364.5197,AccSrv,DepCl 369.67972 : serveur0,1,0,,64,0.0,
369.67972,DepCl,,0,0,,64,0.0,
370.1997,ArrCl,AccFA 370.1997 : serveur0  |   ArrCl 375.8797,0,0,,65,0.0,
370.1997,AccFA,AccSrv 370.1997 : serveur0,0,0,,65,0.0,
370.1997,AccSrv,DepCl 375.3597 : serveur0,1,0,,65,0.0,
375.3597,DepCl,,0,0,,65,0.0,
375.8797,ArrCl,AccFA 375.8797 : serveur0  |   ArrCl 381.5597,0,0,,66,0.0,
375.8797,AccFA,AccSrv 375.8797 : serveur0,0,0,,66,0.0,
375.8797,AccSrv,DepCl 381.0397 : serveur0,1,0,,66,0.0,
381.0397,DepCl,,0,0,,66,0.0,
381.5597,ArrCl,AccFA 381.5597 : serveur0  |   ArrCl 387.2397,0,0,,67,0.0,
381.5597,AccFA,AccSrv 381.5597 : serveur0,0,0,,67,0.0,
381.5597,AccSrv,DepCl 386.7197 : serveur0,1,0,,67,0.0,
386.7197,DepCl,,0,0,,67,0.0,
387.2397,ArrCl,AccFA 387.2397 : serveur0  |   ArrCl 392.91968,0,0,,68,0.0,
387.2397,AccFA,AccSrv 387.2397 : serveur0,0,0,,68,0.0,
387.2397,AccSrv,DepCl 392.3997 : serveur0,1,0,,68,0.0,
392.3997,DepCl,,0,0,,68,0.0,
392.91968,ArrCl,AccFA 392.91968 : serveur0  |   ArrCl 398.59967,0,0,,69,0.0,
392.91968,AccFA,AccSrv 392.91968 : serveur0,0,0,,69,0.0,
392.91968,AccSrv,DepCl 398.07968 : serveur0,1,0,,69,0.0,
398.07968,DepCl,,0,0,,69,0.0,
398.59967,ArrCl,AccFA 398.59967 : serveur0  |   ArrCl 404.27966,0,0,,70,0.0,
398.59967,AccFA,AccSrv 398.59967 : serveur0,0,0,,70,0.0,
398.59967,AccSrv,DepCl 403.75967 : serveur0,1,0,,70,0.0,
403.75967,DepCl,,0,0,,70,0.0,
404.27966,ArrCl,AccFA 404.27966 : serveur0  |   ArrCl 409.95966,0,0,,71,0.0,
404.27966,AccFA,AccSrv 404.27966 : serveur0,0,0,,71,0.0,
404.27966,AccSrv,DepCl 409.43967 : serveur0,1,0,,71,0.0,
409.43967,DepCl,,0,0,,71,0.0,
409.95966,ArrCl,AccFA 409.95966 : serveur0  |   ArrCl 415.63965,0,0,,72,0.0,
409.95966,AccFA,AccSrv 409.95966 : serveur0,0,0,,72,0.0,
409.95966,AccSrv,DepCl 415.11966 : serveur0,1,0,,72,0.0,
415.11966,DepCl,,0,0,,72,0.0,
415.63965,ArrCl,AccFA 415.63965 : serveur0  |   ArrCl 421.31964,0,0,,73,0.0,
415.63965,AccFA,AccSrv 415.63965 : serveur0,0,0,,73,0.0,
415.63965,AccSrv,DepCl 420.79965 : serveur0,1,0,,73,0.0,
420.79965,DepCl,,0,0,,73,0.0,
421.31964,ArrCl,AccFA 421.31964 : serveur0  |   ArrCl 426.99963,0,0,,74,0.0,
421.31964,AccFA,AccSrv 421.31964 : serveur0,0,0,,74,0.0,
421.31964,AccSrv,DepCl 426.47964 : serveur0,1,0,,74,0.0,
426.47964,DepCl,,0,0,,74,0.0,
426.99963,ArrCl,AccFA 426.99963 : serveur0  |   ArrCl 432.67963,0,0,,75,0.0,
426.99963,AccFA,AccSrv 426.99963 : serveur0,0,0,,75,0.0,
426.99963,AccSrv,DepCl 432.15964 : serveur0,1,0,,75,0.0,
432.15964,DepCl,,0,0,,75,0.0,
432.67963,ArrCl,AccFA 432.67963 : serveur0  |   ArrCl 438.35962,0,0,,76,0.0,
432.67963,AccFA,AccSrv 432.67963 : serveur0,0,0,,76,0.0,
432.67963,AccSrv,DepCl 437.83963 : serveur0,1,0,,76,0.0,
437.83963,DepCl,,0,0,,76,0.0,
438.35962,ArrCl,AccFA 438.35962 : serveur0  |   ArrCl 444.0396,0,0,,77,0.0,
438.35962,AccFA,AccSrv 438.35962 : serveur0,0,0,,77,0.0,
438.35962,AccSrv,DepCl 443.51962 : serveur0,1,0,,77,0.0,
443.51962,DepCl,,0,0,,77,0.0,
444.0396,ArrCl,AccFA 444.0396 : serveur0  |   ArrCl 449.7196,0,0,,78,0.0,
444.0396,AccFA,AccSrv 444.0396 : serveur0,0,0,,78,0.0,
444.0396,AccSrv,DepCl 449.19962 : serveur0,1,0,,78,0.0,
449.19962,DepCl,,0,0,,78,0.0,
449.7196,ArrCl,AccFA 449.7196 : serveur0  |   ArrCl 455.3996,0,0,,79,0.0,
449.7196,AccFA,AccSrv 449.7196 : serveur0,0,0,,79,0.0,
449.7196,AccSrv,DepCl 454.8796 : serveur0,1,0,,79,0.0,
454.8796,DepCl,,0,0,,79,0.0,
455.3996,ArrCl,AccFA 455.3996 : serveur0  |   ArrCl 461.0796,0,0,,80,0.0,
455.3996,AccFA,AccSrv 455.3996 : serveur0,0,0,,80,0.0,
455.3996,AccSrv,DepCl 460.5596 : serveur0,1,0,,80,0.0,
460.5596,DepCl,,0,0,,80,0.0,
461.0796,ArrCl,AccFA 461.0796 : serveur0  |   ArrCl 466.75958,0,0,,81,0.0,
461.0796,AccFA,AccSrv 461.0796 : serveur0,0,0,,81,0.0,
461.0796,AccSrv,DepCl 466.2396 : serveur0,1,0,,81,0.0,
466.2396,DepCl,,0,0,,81,0.0,
466.75958,ArrCl,AccFA 466.75958 : serveur0  |   ArrCl 472.43958,0,0,,82,0.0,
466.75958,AccFA,AccSrv 466.75958 : serveur0,0,0,,82,0.0,
466.75958,AccSrv,DepCl 471.9196 : serveur0,1,0,,82,0.0,
471.9196,DepCl,,0,0,,82,0.0,
472.43958,ArrCl,AccFA 472.43958 : serveur0  |   ArrCl 478.11957,0,0,,83,0.0,
472.43958,AccFA,AccSrv 472.43958 : serveur0,0,0,,83,0.0,
472.43958,AccSrv,DepCl 477.59958 : serveur0,1,0,,83,0.0,
477.59958,DepCl,,0,0,,83,0.0,
478.11957,ArrCl,AccFA 478.11957 : serveur0  |   ArrCl 483.79956,0,0,,84,0.0,
478.11957,AccFA,AccSrv 478.11957 : serveur0,0,0,,84,0.0,
478.11957,AccSrv,DepCl 483.27957 : serveur0,1,0,,84,0.0,
483.27957,DepCl,,0,0,,84,0.0,
483.79956,ArrCl,AccFA 483.79956 : serveur0  |   ArrCl 489.47955,0,0,,85,0.0,
483.79956,AccFA,AccSrv 483.79956 : serveur0,0,0,,85,0.0,
483.79956,AccSrv,DepCl 488.95956 : serveur0,1,0,,85,0.0,
488.95956,DepCl,,0,0,,85,0.0,
489.47955,ArrCl,AccFA 489.47955 : serveur0  |   ArrCl 495.15955,0,0,,86,0.0,
489.47955,AccFA,AccSrv 489.47955 : serveur0,0,0,,86,0.0,
489.47955,AccSrv,DepCl 494.63956 : serveur0,1,0,,86,0.0,
494.63956,DepCl,,0,0,,86,0.0,
495.15955,ArrCl,AccFA 495.15955 : serveur0  |   ArrCl 500.83954,0,0,,87,0.0,
495.15955,AccFA,AccSrv 495.15955 : serveur0,0,0,,87,0.0,
495.15955,AccSrv,DepCl 500.31955 : serveur0,1,0,,87,0.0,
500.31955,DepCl,,0,0,,87,0.0,
500.83954,ArrCl,AccFA 500.83954 : serveur0  |   ArrCl 506.51953,0,0,,88,0.0,
500.83954,AccFA,AccSrv 500.83954 : serveur0,0,0,,88,0.0,
500.83954,AccSrv,DepCl 505.99954 : serveur0,1,0,,88,0.0,
505.99954,DepCl,,0,0,,88,0.0,
506.51953,ArrCl,AccFA 506.51953 : serveur0  |   ArrCl 512.1995,0,0,,89,0.0,
506.51953,AccFA,AccSrv 506.51953 : serveur0,0,0,,89,0.0,
506.51953,AccSrv,DepCl 511.67953 : serveur0,1,0,,89,0.0,
511.67953,DepCl,,0,0,,89,0.0,
512.1995,ArrCl,AccFA 512.1995 : serveur0  |   ArrCl 517.8795,0,0,,90,0.0,
512.1995,AccFA,AccSrv 512.1995 : serveur0,0,0,,90,0.0,
512.1995,AccSrv,DepCl 517.3595 : serveur0,1,0,,90,0.0,
517.3595,DepCl,,0,0,,90,0.0,
517.8795,ArrCl,AccFA 517.8795 : serveur0  |   ArrCl 523.5595,0,0,,91,0.0,
517.8795,AccFA,AccSrv 517.8795 : serveur0,0,0,,91,0.0,
517.8795,AccSrv,DepCl 523.0395 : serveur0,1,0,,91,0.0,
523.0395,DepCl,,0,0,,91,0.0,
523.5595,ArrCl,AccFA 523.5595 : serveur0  |   ArrCl 529.2395,0,0,,92,0.0,
523.5595,AccFA,AccSrv 523.5595 : serveur0,0,0,,92,0.0,
523.5595,AccSrv,DepCl 528.7195 : serveur0,1,0,,92,0.0,
528.7195,DepCl,,0,0,,92,0.0,
529.2395,ArrCl,AccFA 529.2395 : serveur0  |   ArrCl 534.9195,0,0,,93,0.0,
529.2395,AccFA,AccSrv 529.2395 : serveur0,0,0,,93,0.0,
529.2395,AccSrv,DepCl 534.3995 : serveur0,1,0,,93,0.0,
534.3995,DepCl,,0,0,,93,0.0,
534.9195,ArrCl,AccFA 534.9195 : serveur0  |   ArrCl 540.5995,0,0,,94,0.0,
534.9195,AccFA,AccSrv 534.9195 : serveur0,0,0,,94,0.0,
534.9195,AccSrv,DepCl 540.07947 : serveur0,1,0,,94,0.0,
540.07947,DepCl,,0,0,,94,0.0,
540.5995,ArrCl,AccFA 540.5995 : serveur0  |   ArrCl 546.2795,0,0,,95,0.0,
540.5995,AccFA,AccSrv 540.5995 : serveur0,0,0,,95,0.0,
540.5995,AccSrv,DepCl 545.75946 : serveur0,1,0,,95,0.0,
545.75946,DepCl,,0,0,,95,0.0,
546.2795,ArrCl,AccFA 546.2795 : serveur0  |   ArrCl 551.9595,0,0,,96,0.0,
546.2795,AccFA,AccSrv 546.2795 : serveur0,0,0,,96,0.0,
546.2795,AccSrv,DepCl 551.43945 : serveur0,1,0,,96,0.0,
551.43945,DepCl,,0,0,,96,0.0,
551.9595,ArrCl,AccFA 551.9595 : serveur0  |   ArrCl 557.63947,0,0,,97,0.0,
551.9595,AccFA,AccSrv 551.9595 : serveur0,0,0,,97,0.0,
551.9595,AccSrv,DepCl 557.11945 : serveur0,1,0,,97,0.0,
557.11945,DepCl,,0,0,,97,0.0,
557.63947,ArrCl,AccFA 557.63947 : serveur0  |   ArrCl 563.31946,0,0,,98,0.0,
557.63947,AccFA,AccSrv 557.63947 : serveur0,0,0,,98,0.0,
557.63947,AccSrv,DepCl 562.79944 : serveur0,1,0,,98,0.0,
562.79944,DepCl,,0,0,,98,0.0,
563.31946,ArrCl,AccFA 563.31946 : serveur0  |   ArrCl 568.99945,0,0,,99,0.0,
563.31946,AccFA,AccSrv 563.31946 : serveur0,0,0,,99,0.0,
563.31946,AccSrv,DepCl 568.47943 : serveur0,1,0,,99,0.0,
568.47943,DepCl,,0,0,,99,0.0,
568.99945,ArrCl,AccFA 568.99945 : serveur0  |   ArrCl 574.67944,0,0,,100,0.0,
568.99945,AccFA,AccSrv 568.99945 : serveur0,0,0,,100,0.0,
568.99945,AccSrv,DepCl 574.1594 : serveur0,1,0,,100,0.0,
574.1594,DepCl,,0,0,,100,0.0,
574.67944,ArrCl,AccFA 574.67944 : serveur0  |   ArrCl 580.35944,0,0,,101,0.0,
574.67944,AccFA,AccSrv 574.67944 : serveur0,0,0,,101,0.0,
574.67944,AccSrv,DepCl 579.8394 : serveur0,1,0,,101,0.0,
579.8394,DepCl,,0,0,,101,0.0,
580.35944,ArrCl,AccFA 580.35944 : serveur0  |   ArrCl 586.0394,0,0,,102,0.0,
580.35944,AccFA,AccSrv 580.35944 : serveur0,0,0,,102,0.0,
580.35944,AccSrv,DepCl 585.5194 : serveur0,1,0,,102,0.0,
585.5194,DepCl,,0,0,,102,0.0,
586.0394,ArrCl,AccFA 586.0394 : serveur0  |   ArrCl 591.7194,0,0,,103,0.0,
586.0394,AccFA,AccSrv 586.0394 : serveur0,0,0,,103,0.0,
586.0394,AccSrv,DepCl 591.1994 : serveur0,1,0,,103,0.0,
591.1994,DepCl,,0,0,,103,0.0,
591.7194,ArrCl,AccFA 591.7194 : serveur0  |   ArrCl 597.3994,0,0,,104,0.0,
591.7194,AccFA,AccSrv 591.7194 : serveur0,0,0,,104,0.0,
591.7194,AccSrv,DepCl 596.8794 : serveur0,1,0,,104,0.0,
596.8794,DepCl,,0,0,,104,0.0,
597.3994,ArrCl,AccFA 597.3994 : serveur0  |   ArrCl 603.0794,0,0,,105,0.0,
597.3994,AccFA,AccSrv 597.3994 : serveur0,0,0,,105,0.0,
597.3994,AccSrv,DepCl 602.5594 : serveur0,1,0,,105,0.0,
602.5594,DepCl,,0,0,,105,0.0,
602.5594,Fin,,,,,,,
Le temps d'attente moyen,0.0
Le temps d'attente maximal,0.0